{"B2ACC0E2": {"gain": 1.87890625, "offset": 511}, "FAAAD878": {"gain": 1.86328125, "offset": 511}}